{"cameraMode":{"drawMode":0,"name":"Shaded","section":"Shading Mode"},"sceneLighting":true,"audioPlay":false,"sceneViewState":{"showFog":true,"showMaterialUpdate":false,"showSkybox":true,"showFlares":true,"showImageEffects":true,"showParticleSystems":true},"in2DMode":false,"pivot":{"x":2.304917573928833,"y":-0.41835421323776247,"z":0.45171380043029787},"rotation":{"x":-0.11896660178899765,"y":0.8465467095375061,"z":-0.21283432841300965,"w":-0.47318869829177859},"size":19.40251922607422,"orthographic":false}